Date,File Path
2024-11-03,data/stories/0/2024-07-07_12-52-22_UTC.mp4
2024-11-04,data/stories/0/2024-07-07_12-52-22_UTC.mp4.jpg
2024-11-05,data/stories/1/2024-10-02_05-01-51_UTC.mp4
2024-11-06,data/stories/10/2024-07-11_06-49-43_UTC.mp4
2024-11-07,data/stories/100/2024-08-29_20-36-56_UTC.mp4
2024-11-08,data/stories/101/2024-04-01_03-25-32_UTC.mp4
2024-11-09,data/stories/102/2024-09-01_06-27-47_UTC.mp4
2024-11-10,data/stories/103/2024-07-28_21-40-22_UTC.mp4
2024-11-11,data/stories/104/2024-09-20_13-27-00_UTC.mp4
2024-11-12,data/stories/105/2024-05-26_07-12-56_UTC.mp4
2024-11-13,data/stories/106/2024-10-06_06-02-44_UTC.mp4
2024-11-14,data/stories/107/2024-06-25_13-25-21_UTC.mp4
2024-11-15,data/stories/108/2024-05-21_05-47-17_UTC.mp4
2024-11-16,data/stories/109/2024-09-26_07-18-52_UTC.mp4
2024-11-17,data/stories/11/2024-07-21_13-59-16_UTC.mp4
2024-11-18,data/stories/110/2024-04-26_09-04-33_UTC.mp4
2024-11-19,data/stories/111/2024-10-15_09-42-32_UTC.mp4
2024-11-20,data/stories/112/2024-07-22_16-11-07_UTC.mp4
2024-11-21,data/stories/113/2024-09-22_14-40-30_UTC.mp4
2024-11-22,data/stories/114/2024-10-30_10-00-11_UTC.mp4
2024-11-23,data/stories/115/2024-10-26_14-22-24_UTC.mp4
2024-11-24,data/stories/116/2024-10-26_07-04-08_UTC.mp4
2024-11-25,data/stories/117/2024-05-25_13-25-25_UTC.mp4
2024-11-26,data/stories/118/2024-06-05_20-23-27_UTC.mp4
2024-11-27,data/stories/119/2024-04-20_04-37-49_UTC.mp4
2024-11-28,data/stories/12/2024-08-27_15-50-10_UTC.mp4
2024-11-29,data/stories/120/2024-06-27_12-40-05_UTC.mp4
2024-11-30,data/stories/121/2024-09-18_19-20-25_UTC.mp4
2024-12-01,data/stories/122/2024-10-09_14-25-03_UTC.mp4
2024-12-02,data/stories/123/2024-05-17_07-22-49_UTC.mp4
2024-12-03,data/stories/124/2024-10-04_07-29-19_UTC.mp4
2024-12-04,data/stories/125/2024-05-10_09-28-41_UTC.mp4
2024-12-05,data/stories/126/2024-06-22_14-08-48_UTC.mp4
2024-12-06,data/stories/127/2024-06-19_09-20-31_UTC.mp4
2024-12-07,data/stories/129/2024-08-12_17-21-07_UTC.mp4
2024-12-08,data/stories/13/2024-07-10_07-45-08_UTC.mp4
2024-12-09,data/stories/130/2024-09-11_14-06-17_UTC.mp4
2024-12-10,data/stories/131/2024-06-14_07-37-54_UTC.mp4
2024-12-11,data/stories/132/2024-08-09_20-00-29_UTC.mp4
2024-12-12,data/stories/133/2024-06-02_13-24-15_UTC.mp4
2024-12-13,data/stories/134/2024-08-28_11-15-17_UTC.mp4
2024-12-14,data/stories/135/2024-09-13_07-23-20_UTC.mp4
2024-12-15,data/stories/136/2024-09-02_13-57-59_UTC.mp4
2024-12-16,data/stories/137/2024-05-13_06-46-14_UTC.mp4
2024-12-17,data/stories/138/2024-10-21_19-16-22_UTC.mp4
2024-12-18,data/stories/139/2024-03-29_04-22-44_UTC.mp4
2024-12-19,data/stories/140/2024-03-28_14-41-14_UTC.mp4
2024-12-20,data/stories/141/2024-09-14_14-50-57_UTC.mp4
2024-12-21,data/stories/142/2024-04-03_05-07-12_UTC.mp4
2024-12-22,data/stories/143/2024-10-22_13-18-49_UTC.mp4
2024-12-23,data/stories/144/2024-10-29_08-15-55_UTC.mp4
2024-12-24,data/stories/145/2024-10-19_06-30-13_UTC.mp4
2024-12-25,data/stories/146/2024-10-23_08-05-26_UTC.mp4
2024-12-26,data/stories/147/2024-08-30_12-43-58_UTC.mp4
2024-12-27,data/stories/148/2024-06-18_10-11-30_UTC.mp4
2024-12-28,data/stories/149/2024-08-19_07-45-51_UTC.mp4
2024-12-29,data/stories/15/2024-06-12_14-30-56_UTC.mp4
2024-12-30,data/stories/150/2024-06-07_12-52-35_UTC.mp4
2024-12-31,data/stories/151/2024-10-02_11-21-23_UTC.mp4
2025-01-01,data/stories/152/2024-09-17_07-00-39_UTC.mp4
2025-01-02,data/stories/153/2024-08-29_14-36-17_UTC.mp4
2025-01-03,data/stories/154/2024-05-17_13-05-35_UTC.mp4
2025-01-04,data/stories/155/2024-09-03_06-26-47_UTC.mp4
2025-01-05,data/stories/156/2024-07-20_17-19-22_UTC.mp4
2025-01-06,data/stories/157/2024-04-19_13-56-27_UTC.mp4
2025-01-07,data/stories/158/2024-07-19_08-37-29_UTC.mp4
2025-01-08,data/stories/159/2024-05-08_15-07-57_UTC.mp4
2025-01-09,data/stories/16/2024-06-12_10-34-11_UTC.mp4
2025-01-10,data/stories/160/2024-08-08_12-32-10_UTC.mp4
2025-01-11,data/stories/162/2024-10-20_07-37-55_UTC.mp4
2025-01-12,data/stories/163/2024-07-16_12-09-40_UTC.mp4
2025-01-13,data/stories/164/2024-10-13_10-37-40_UTC.mp4
2025-01-14,data/stories/165/2024-06-27_09-25-12_UTC.mp4
2025-01-15,data/stories/167/2024-08-27_07-09-22_UTC.mp4
2025-01-16,data/stories/168/2024-06-08_12-37-31_UTC.mp4
2025-01-17,data/stories/169/2024-07-21_18-25-38_UTC.mp4
2025-01-18,data/stories/17/2024-05-02_05-22-24_UTC.mp4
2025-01-19,data/stories/170/2024-05-23_12-49-53_UTC.mp4
2025-01-20,data/stories/171/2024-06-03_09-58-15_UTC.mp4
2025-01-21,data/stories/172/2024-08-05_17-23-33_UTC.mp4
2025-01-22,data/stories/173/2024-07-20_05-42-59_UTC.mp4
2025-01-23,data/stories/174/2024-09-24_11-06-30_UTC.mp4
2025-01-24,data/stories/175/2024-08-23_14-55-09_UTC.mp4
2025-01-25,data/stories/176/2024-04-04_07-42-46_UTC.mp4
2025-01-26,data/stories/177/2024-06-15_21-11-51_UTC.mp4
2025-01-27,data/stories/178/2024-10-22_10-54-36_UTC.mp4
2025-01-28,data/stories/179/2024-07-12_08-28-59_UTC.mp4
2025-01-29,data/stories/18/2024-09-26_15-31-40_UTC.mp4
2025-01-30,data/stories/180/2024-10-25_14-42-00_UTC.mp4
2025-01-31,data/stories/181/2024-10-16_06-01-51_UTC.mp4
2025-02-01,data/stories/182/2024-06-02_20-09-09_UTC.mp4
2025-02-02,data/stories/183/2024-09-21_14-23-40_UTC.mp4
2025-02-03,data/stories/184/2024-06-21_13-55-51_UTC.mp4
2025-02-04,data/stories/185/2024-04-27_05-54-53_UTC.mp4
2025-02-05,data/stories/186/2024-06-13_08-43-21_UTC.mp4
2025-02-06,data/stories/187/2024-03-30_04-16-31_UTC.mp4
2025-02-07,data/stories/188/2024-08-30_07-36-33_UTC.mp4
2025-02-08,data/stories/19/2024-10-16_12-47-39_UTC.mp4
2025-02-09,data/stories/190/2024-10-19_12-05-18_UTC.mp4
2025-02-10,data/stories/191/2024-07-04_06-34-29_UTC.mp4
2025-02-11,data/stories/192/2024-06-06_06-40-10_UTC.mp4
2025-02-12,data/stories/193/2024-09-30_06-09-08_UTC.mp4
2025-02-13,data/stories/194/2024-09-24_06-27-32_UTC.mp4
2025-02-14,data/stories/195/2024-05-30_12-55-06_UTC.mp4
2025-02-15,data/stories/196/2024-09-04_10-15-50_UTC.mp4
2025-02-16,data/stories/197/2024-10-23_15-38-35_UTC.mp4
2025-02-17,data/stories/197/2024-10-23_15-38-35_UTC.txt
2025-02-18,data/stories/198/2024-07-31_13-43-37_UTC.mp4
2025-02-19,data/stories/198/2024-07-31_13-43-37_UTC.txt
2025-02-20,data/stories/199/2024-08-23_09-12-51_UTC.mp4
2025-02-21,data/stories/199/2024-08-23_09-12-51_UTC.txt
2025-02-22,data/stories/2/2024-08-06_20-48-57_UTC.mp4
2025-02-23,data/stories/20/2024-05-29_19-23-05_UTC.mp4
2025-02-24,data/stories/200/2024-06-30_06-35-19_UTC.mp4
2025-02-25,data/stories/200/2024-06-30_06-35-19_UTC.txt
2025-02-26,data/stories/201/2024-04-09_13-08-21_UTC.mp4
2025-02-27,data/stories/201/2024-04-09_13-08-21_UTC.txt
2025-02-28,data/stories/202/2024-04-30_04-28-16_UTC.mp4
2025-03-01,data/stories/202/2024-04-30_04-28-16_UTC.txt
2025-03-02,data/stories/203/2024-07-24_13-31-28_UTC.mp4
2025-03-03,data/stories/204/2024-03-28_18-54-01_UTC.mp4
2025-03-04,data/stories/205/2024-04-19_05-12-00_UTC.mp4
2025-03-05,data/stories/206/2024-07-16_07-48-02_UTC.mp4
2025-03-06,data/stories/207/2024-06-20_06-27-44_UTC.mp4
2025-03-07,data/stories/208/2024-11-02_11-09-07_UTC.mp4
2025-03-08,data/stories/209/2024-10-02_15-02-44_UTC.mp4
2025-03-09,data/stories/21/2024-09-13_17-56-02_UTC.mp4
2025-03-10,data/stories/210/2024-06-23_12-35-04_UTC.mp4
2025-03-11,data/stories/211/2024-05-23_05-17-35_UTC.mp4
2025-03-12,data/stories/212/2024-07-07_07-57-29_UTC.mp4
2025-03-13,data/stories/213/2024-09-08_16-20-27_UTC.mp4
2025-03-14,data/stories/214/2024-06-17_13-54-54_UTC.mp4
2025-03-15,data/stories/215/2024-11-01_19-47-10_UTC.mp4
2025-03-16,data/stories/216/2024-09-06_07-42-31_UTC.mp4
2025-03-17,data/stories/217/2024-06-23_09-25-03_UTC.mp4
2025-03-18,data/stories/218/2024-06-14_12-59-15_UTC.mp4
2025-03-19,data/stories/219/2024-04-22_05-31-28_UTC.mp4
2025-03-20,data/stories/22/2024-06-13_13-42-30_UTC.mp4
2025-03-21,data/stories/220/2024-07-23_13-20-46_UTC.mp4
2025-03-22,data/stories/221/2024-09-25_18-27-54_UTC.mp4
2025-03-23,data/stories/222/2024-05-25_08-39-19_UTC.mp4
2025-03-24,data/stories/224/2024-04-13_05-53-10_UTC.mp4
2025-03-25,data/stories/225/2024-06-16_14-11-21_UTC.mp4
2025-03-26,data/stories/226/2024-07-05_13-54-02_UTC.mp4
2025-03-27,data/stories/227/2024-05-21_18-06-46_UTC.mp4
2025-03-28,data/stories/228/2024-04-15_04-59-40_UTC.mp4
2025-03-29,data/stories/229/2024-10-08_16-06-55_UTC.mp4
2025-03-30,data/stories/23/2024-07-13_10-43-27_UTC.mp4
2025-03-31,data/stories/230/2024-04-15_12-29-43_UTC.mp4
2025-04-01,data/stories/231/2024-04-06_04-58-53_UTC.mp4
2025-04-02,data/stories/232/2024-05-31_12-50-31_UTC.mp4
2025-04-03,data/stories/233/2024-10-22_05-26-55_UTC.mp4
2025-04-04,data/stories/235/2024-09-15_12-34-03_UTC.mp4
2025-04-05,data/stories/236/2024-05-01_02-56-35_UTC.mp4
2025-04-06,data/stories/237/2024-05-27_12-55-33_UTC.mp4
2025-04-07,data/stories/238/2024-08-25_18-50-25_UTC.mp4
2025-04-08,data/stories/239/2024-03-28_14-25-32_UTC.mp4
2025-04-09,data/stories/24/2024-07-18_19-36-09_UTC.mp4
2025-04-10,data/stories/240/2024-09-05_18-30-07_UTC.mp4
2025-04-11,data/stories/241/2024-08-17_12-27-28_UTC.mp4
2025-04-12,data/stories/243/2024-04-17_12-04-14_UTC.mp4
2025-04-13,data/stories/244/2024-10-20_13-51-22_UTC.mp4
2025-04-14,data/stories/245/2024-09-12_07-08-56_UTC.mp4
2025-04-15,data/stories/246/2024-10-12_03-35-43_UTC.mp4
2025-04-16,data/stories/247/2024-03-31_15-52-44_UTC.mp4
2025-04-17,data/stories/248/2024-10-23_18-16-30_UTC.mp4
2025-04-18,data/stories/249/2024-08-20_13-35-47_UTC.mp4
2025-04-19,data/stories/25/2024-08-07_18-10-58_UTC.mp4
2025-04-20,data/stories/250/2024-04-10_12-52-14_UTC.mp4
2025-04-21,data/stories/251/2024-04-14_14-12-51_UTC.mp4
2025-04-22,data/stories/252/2024-09-26_20-40-43_UTC.mp4
2025-04-23,data/stories/253/2024-07-01_12-47-46_UTC.mp4
2025-04-24,data/stories/254/2024-08-16_08-22-41_UTC.mp4
2025-04-25,data/stories/255/2024-05-09_15-19-49_UTC.mp4
2025-04-26,data/stories/256/2024-04-16_04-14-00_UTC.mp4
2025-04-27,data/stories/257/2024-06-16_09-40-18_UTC.mp4
2025-04-28,data/stories/258/2024-06-29_09-55-06_UTC.mp4
2025-04-29,data/stories/259/2024-04-07_11-15-46_UTC.mp4
2025-04-30,data/stories/26/2024-09-12_12-25-50_UTC.mp4
2025-05-01,data/stories/260/2024-10-09_09-26-22_UTC.mp4
2025-05-02,data/stories/261/2024-08-22_14-26-48_UTC.mp4
2025-05-03,data/stories/262/2024-09-18_14-04-10_UTC.mp4
2025-05-04,data/stories/263/2024-08-15_11-50-20_UTC.mp4
2025-05-05,data/stories/264/2024-04-24_06-33-38_UTC.mp4
2025-05-06,data/stories/266/2024-04-03_13-25-03_UTC.mp4
2025-05-07,data/stories/267/2024-07-27_09-55-04_UTC.mp4
2025-05-08,data/stories/268/2024-07-26_11-20-28_UTC.mp4
2025-05-09,data/stories/269/2024-08-22_19-47-31_UTC.mp4
2025-05-10,data/stories/27/2024-06-29_12-46-48_UTC.mp4
2025-05-11,data/stories/270/2024-04-07_05-01-17_UTC.mp4
2025-05-12,data/stories/271/2024-06-28_14-08-52_UTC.mp4
2025-05-13,data/stories/272/2024-06-25_09-25-01_UTC.mp4
2025-05-14,data/stories/273/2024-06-10_14-55-01_UTC.mp4
2025-05-15,data/stories/275/2024-05-15_07-36-09_UTC.mp4
2025-05-16,data/stories/276/2024-08-11_13-38-23_UTC.mp4
2025-05-17,data/stories/277/2024-04-29_05-30-05_UTC.mp4
2025-05-18,data/stories/278/2024-09-19_06-11-45_UTC.mp4
2025-05-19,data/stories/279/2024-08-02_15-24-04_UTC.mp4
2025-05-20,data/stories/28/2024-04-23_12-36-17_UTC.mp4
2025-05-21,data/stories/280/2024-08-03_12-25-04_UTC.mp4
2025-05-22,data/stories/281/2024-07-15_14-21-45_UTC.mp4
2025-05-23,data/stories/282/2024-08-26_15-13-42_UTC.mp4
2025-05-24,data/stories/283/2024-07-14_15-31-06_UTC.mp4
2025-05-25,data/stories/284/2024-09-15_16-56-43_UTC.mp4
2025-05-26,data/stories/285/2024-10-29_18-57-13_UTC.mp4
2025-05-27,data/stories/286/2024-09-28_09-37-26_UTC.mp4
2025-05-28,data/stories/287/2024-08-21_15-29-22_UTC.mp4
2025-05-29,data/stories/288/2024-09-17_12-57-51_UTC.mp4
2025-05-30,data/stories/289/2024-04-11_04-02-36_UTC.mp4
2025-05-31,data/stories/29/2024-10-15_19-30-18_UTC.mp4
2025-06-01,data/stories/290/2024-05-06_05-28-32_UTC.mp4
2025-06-02,data/stories/291/2024-04-04_12-38-20_UTC.mp4
2025-06-03,data/stories/292/2024-09-16_18-32-55_UTC.mp4
2025-06-04,data/stories/293/2024-04-14_06-09-01_UTC.mp4
2025-06-05,data/stories/294/2024-05-14_05-10-46_UTC.mp4
2025-06-06,data/stories/295/2024-04-02_04-21-59_UTC.mp4
2025-06-07,data/stories/296/2024-04-25_13-53-22_UTC.mp4
2025-06-08,data/stories/297/2024-07-27_13-19-27_UTC.mp4
2025-06-09,data/stories/298/2024-07-17_11-50-47_UTC.mp4
2025-06-10,data/stories/299/2024-08-17_18-45-35_UTC.mp4
2025-06-11,data/stories/3/2024-10-17_05-51-31_UTC.mp4
2025-06-12,data/stories/30/2024-07-02_08-56-43_UTC.mp4
2025-06-13,data/stories/300/2024-10-09_11-03-54_UTC.mp4
2025-06-14,data/stories/301/2024-09-01_14-00-40_UTC.mp4
2025-06-15,data/stories/302/2024-05-28_16-36-09_UTC.mp4
2025-06-16,data/stories/303/2024-06-19_12-17-57_UTC.mp4
2025-06-17,data/stories/304/2024-07-31_07-44-23_UTC.mp4
2025-06-18,data/stories/305/2024-08-15_17-45-35_UTC.mp4
2025-06-19,data/stories/306/2024-08-14_14-18-09_UTC.mp4
2025-06-20,data/stories/307/2024-09-25_06-27-48_UTC.mp4
2025-06-21,data/stories/308/2024-10-12_15-18-03_UTC.mp4
2025-06-22,data/stories/309/2024-05-12_08-27-56_UTC.mp4
2025-06-23,data/stories/31/2024-07-20_14-22-16_UTC.mp4
2025-06-24,data/stories/310/2024-09-25_11-18-50_UTC.mp4
2025-06-25,data/stories/311/2024-08-12_12-46-30_UTC.mp4
2025-06-26,data/stories/313/2024-07-02_13-01-05_UTC.mp4
2025-06-27,data/stories/314/2024-10-24_16-51-07_UTC.mp4
2025-06-28,data/stories/316/2024-10-10_22-37-45_UTC.mp4
2025-06-29,data/stories/318/2024-04-23_05-46-05_UTC.mp4
2025-06-30,data/stories/319/2024-05-04_20-07-51_UTC.mp4
2025-07-01,data/stories/32/2024-05-02_14-18-41_UTC.mp4
2025-07-02,data/stories/320/2024-04-26_07-02-24_UTC.mp4
2025-07-03,data/stories/321/2024-07-30_06-47-21_UTC.mp4
2025-07-04,data/stories/322/2024-05-05_05-17-43_UTC.mp4
2025-07-05,data/stories/323/2024-09-13_13-40-50_UTC.mp4
2025-07-06,data/stories/324/2024-04-16_12-56-13_UTC.mp4
2025-07-07,data/stories/325/2024-10-24_09-21-58_UTC.mp4
2025-07-08,data/stories/326/2024-07-29_07-26-27_UTC.mp4
2025-07-09,data/stories/327/2024-05-22_13-02-35_UTC.mp4
2025-07-10,data/stories/328/2024-08-13_09-40-17_UTC.mp4
2025-07-11,data/stories/329/2024-04-05_04-17-24_UTC.mp4
2025-07-12,data/stories/33/2024-09-16_08-36-22_UTC.mp4
2025-07-13,data/stories/331/2024-09-23_06-57-30_UTC.mp4
2025-07-14,data/stories/332/2024-09-06_18-37-53_UTC.mp4
2025-07-15,data/stories/333/2024-09-20_19-35-33_UTC.mp4
2025-07-16,data/stories/334/2024-08-21_05-43-44_UTC.mp4
2025-07-17,data/stories/335/2024-06-21_11-12-50_UTC.mp4
2025-07-18,data/stories/336/2024-07-29_14-51-42_UTC.mp4
2025-07-19,data/stories/337/2024-08-29_06-12-13_UTC.mp4
2025-07-20,data/stories/338/2024-08-30_17-05-33_UTC.mp4
2025-07-21,data/stories/34/2024-10-05_11-12-02_UTC.mp4
2025-07-22,data/stories/340/2024-06-09_13-25-16_UTC.mp4
2025-07-23,data/stories/342/2024-05-16_05-34-47_UTC.mp4
2025-07-24,data/stories/343/2024-07-25_15-06-23_UTC.mp4
2025-07-25,data/stories/344/2024-05-28_09-15-31_UTC.mp4
2025-07-26,data/stories/345/2024-07-14_09-55-53_UTC.mp4
2025-07-27,data/stories/346/2024-08-13_17-30-01_UTC.mp4
2025-07-28,data/stories/348/2024-07-24_07-05-43_UTC.mp4
2025-07-29,data/stories/349/2024-08-07_11-30-15_UTC.mp4
2025-07-30,data/stories/35/2024-06-17_09-10-37_UTC.mp4
2025-07-31,data/stories/350/2024-05-06_15-06-12_UTC.mp4
2025-08-01,data/stories/351/2024-05-03_13-47-40_UTC.mp4
2025-08-02,data/stories/352/2024-04-11_13-19-38_UTC.mp4
2025-08-03,data/stories/355/2024-04-12_03-40-41_UTC.mp4
2025-08-04,data/stories/357/2024-10-08_09-35-03_UTC.mp4
2025-08-05,data/stories/358/2024-09-04_14-09-00_UTC.mp4
2025-08-06,data/stories/359/2024-09-09_09-46-44_UTC.mp4
2025-08-07,data/stories/36/2024-07-10_11-05-53_UTC.mp4
2025-08-08,data/stories/362/2024-07-29_17-50-44_UTC.mp4
2025-08-09,data/stories/364/2024-04-28_06-47-13_UTC.mp4
2025-08-10,data/stories/365/2024-08-01_07-51-12_UTC.mp4
2025-08-11,data/stories/366/2024-03-28_16-09-55_UTC.mp4
2025-08-12,data/stories/369/2024-06-18_16-19-32_UTC.mp4
2025-08-13,data/stories/37/2024-07-09_09-34-16_UTC.mp4
2025-08-14,data/stories/370/2024-07-17_17-09-39_UTC.mp4
2025-08-15,data/stories/371/2024-06-28_09-31-48_UTC.mp4
2025-08-16,data/stories/372/2024-07-03_06-04-56_UTC.mp4
2025-08-17,data/stories/375/2024-06-24_10-00-20_UTC.mp4
2025-08-18,data/stories/377/2024-09-18_08-42-54_UTC.mp4
2025-08-19,data/stories/379/2024-06-11_14-44-06_UTC.mp4
2025-08-20,data/stories/38/2024-10-02_19-48-29_UTC.mp4
2025-08-21,data/stories/381/2024-05-11_15-12-30_UTC.mp4
2025-08-22,data/stories/382/2024-09-15_08-17-06_UTC.mp4
2025-08-23,data/stories/385/2024-09-19_12-35-53_UTC.mp4
2025-08-24,data/stories/39/2024-05-19_13-05-00_UTC.mp4
2025-08-25,data/stories/390/2024-04-29_12-17-19_UTC.mp4
2025-08-26,data/stories/391/2024-04-20_13-38-58_UTC.mp4
2025-08-27,data/stories/392/2024-10-27_06-05-40_UTC.mp4
2025-08-28,data/stories/393/2024-07-25_06-45-39_UTC.mp4
2025-08-29,data/stories/395/2024-03-31_06-30-13_UTC.mp4
2025-08-30,data/stories/396/2024-05-07_16-02-39_UTC.mp4
2025-08-31,data/stories/397/2024-08-24_07-13-31_UTC.mp4
2025-09-01,data/stories/4/2024-08-08_08-54-48_UTC.mp4
2025-09-02,data/stories/40/2024-08-20_10-34-51_UTC.mp4
2025-09-03,data/stories/400/2024-07-06_07-26-24_UTC.mp4
2025-09-04,data/stories/401/2024-06-09_05-27-08_UTC.mp4
2025-09-05,data/stories/403/2024-07-23_09-25-40_UTC.mp4
2025-09-06,data/stories/404/2024-06-20_14-13-22_UTC.mp4
2025-09-07,data/stories/405/2024-04-24_12-43-44_UTC.mp4
2025-09-08,data/stories/406/2024-09-24_14-36-34_UTC.mp4
2025-09-09,data/stories/408/2024-09-16_12-03-19_UTC.mp4
2025-09-10,data/stories/409/2024-04-01_12-43-27_UTC.mp4
2025-09-11,data/stories/41/2024-09-03_10-06-50_UTC.mp4
2025-09-12,data/stories/411/2024-08-17_07-25-07_UTC.mp4
2025-09-13,data/stories/414/2024-10-14_16-16-10_UTC.mp4
2025-09-14,data/stories/415/2024-06-26_13-56-05_UTC.mp4
2025-09-15,data/stories/416/2024-05-22_07-59-20_UTC.mp4
2025-09-16,data/stories/418/2024-07-09_14-02-00_UTC.mp4
2025-09-17,data/stories/47/2024-04-30_13-19-08_UTC.mp4
2025-09-18,data/stories/48/2024-08-01_13-05-32_UTC.mp4
2025-09-19,data/stories/49/2024-10-28_08-54-46_UTC.mp4
2025-09-20,data/stories/50/2024-08-22_08-49-54_UTC.mp4
2025-09-21,data/stories/51/2024-09-14_08-11-49_UTC.mp4
2025-09-22,data/stories/52/2024-05-07_06-26-11_UTC.mp4
2025-09-23,data/stories/53/2024-09-08_08-28-51_UTC.mp4
2025-09-24,data/stories/55/2024-09-05_12-04-29_UTC.mp4
2025-09-25,data/stories/56/2024-08-31_06-19-51_UTC.mp4
2025-09-26,data/stories/57/2024-10-03_14-26-22_UTC.mp4
2025-09-27,data/stories/58/2024-06-22_09-35-40_UTC.mp4
2025-09-28,data/stories/59/2024-07-18_11-07-10_UTC.mp4
2025-09-29,data/stories/6/2024-08-26_18-41-20_UTC.mp4
2025-09-30,data/stories/60/2024-10-07_13-43-46_UTC.mp4
2025-10-01,data/stories/61/2024-07-05_10-41-45_UTC.mp4
2025-10-02,data/stories/62/2024-08-16_17-59-49_UTC.mp4
2025-10-03,data/stories/64/2024-04-25_06-28-13_UTC.mp4
2025-10-04,data/stories/65/2024-06-19_15-13-37_UTC.mp4
2025-10-05,data/stories/66/2024-05-16_17-38-04_UTC.mp4
2025-10-06,data/stories/67/2024-05-03_05-52-49_UTC.mp4
2025-10-07,data/stories/68/2024-10-13_19-16-21_UTC.mp4
2025-10-08,data/stories/69/2024-03-28_11-54-57_UTC.mp4
2025-10-09,data/stories/7/2024-08-22_17-28-51_UTC.mp4
2025-10-10,data/stories/70/2024-04-08_04-45-55_UTC.mp4
2025-10-11,data/stories/71/2024-08-06_18-06-14_UTC.mp4
2025-10-12,data/stories/72/2024-10-28_20-28-34_UTC.mp4
2025-10-13,data/stories/73/2024-09-21_07-12-23_UTC.mp4
2025-10-14,data/stories/74/2024-05-24_07-27-33_UTC.mp4
2025-10-15,data/stories/75/2024-05-19_05-57-44_UTC.mp4
2025-10-16,data/stories/76/2024-09-01_11-54-04_UTC.mp4
2025-10-17,data/stories/77/2024-09-10_08-01-32_UTC.mp4
2025-10-18,data/stories/78/2024-06-30_13-17-11_UTC.mp4
2025-10-19,data/stories/8/2024-04-05_13-24-30_UTC.mp4
2025-10-20,data/stories/80/2024-07-03_13-13-43_UTC.mp4
2025-10-21,data/stories/81/2024-09-23_17-18-45_UTC.mp4
2025-10-22,data/stories/82/2024-10-01_11-04-27_UTC.mp4
2025-10-23,data/stories/83/2024-09-02_07-30-27_UTC.mp4
2025-10-24,data/stories/84/2024-06-26_09-59-36_UTC.mp4
2025-10-25,data/stories/85/2024-10-28_19-20-09_UTC.mp4
2025-10-26,data/stories/86/2024-06-15_07-22-46_UTC.mp4
2025-10-27,data/stories/88/2024-05-26_15-56-46_UTC.mp4
2025-10-28,data/stories/89/2024-10-11_13-54-01_UTC.mp4
2025-10-29,data/stories/9/2024-07-21_09-52-12_UTC.mp4
2025-10-30,data/stories/90/2024-09-07_07-54-21_UTC.mp4
2025-10-31,data/stories/91/2024-04-17_04-28-00_UTC.mp4
2025-11-01,data/stories/92/2024-08-28_17-24-37_UTC.mp4
2025-11-02,data/stories/93/2024-04-10_04-31-16_UTC.mp4
2025-11-03,data/stories/94/2024-09-20_10-28-48_UTC.mp4
2025-11-04,data/stories/95/2024-06-27_14-43-36_UTC.mp4
2025-11-05,data/stories/96/2024-07-11_11-55-45_UTC.mp4
2025-11-06,data/stories/97/2024-06-06_19-05-33_UTC.mp4
2025-11-07,data/stories/98/2024-09-20_07-58-00_UTC.mp4
2025-11-08,data/stories/99/2024-07-08_06-13-10_UTC.mp4
